1153ca49f3fcf7041f2fc197ea83e1b6ffc87263be12bb3aabd8712bf4c89bfb	6854	common.sh
b5347916dc3b592b1415f604080b5c8cfe2b34c1cbca88b7de58c72edb15c292	854	count_stream.pl
feec33a5657e4f9ce87148723c9633f6840fd5ac47a6908bdca01a19a4b2af4a	475	fixtures.txt
1de6c690152c718d2cad181604eec69b0d48e2025572bfdd1a22e5bcdfb30dcd	4860	metal_vram.m
fe98e9a389f5c178fab50e371d7bfa4fb100f8ed19f7cd24c9ae2e1c3d4281aa	7760	net.sh
cabf1273107187085124b4b01163c0a5cb77b246cd92a82b5c276d24e5a56ed8	11233	profile.sh
85cefdb1f67dca901175a9c68499392c691394568a9b8b9b32e2d8c4348c9ba3	5359	ram_native.c
2893b8d6b4d78c07a771ef3d88b95742c81b0b4ed13f7338dee1e81d9e1d4437	23722	run.sh
3dd5ddb05761082ec569c4eaff85f1571dd5894e81237bdd892d33e0e8467556	8571	storage_file.c
84e52ab6e9c278d92e31e44fedcaa96731151d5be19d7088a54fd67e3730b6f1	3494	supervise.pl
876fd1230cbe8a54cd917bc6f2558e2c5acc9134b8b4dce35283d7685541c3c3	15911	report.sh
6284139c2e3fef05713d7eb7eb80a0240a7dc8fa238378d31a70dfce24c79b2e	428	profiles.tsv
64f1c54d1b56794c34bdb0529abc2653053ce2d53787c6fa65b42c8fc7f0781f	11679	recovery.sh
a59ccb76c9a4e3efbd1b27849ec57d4d6849c9713d7bcaab176c448c7d99a97c	2006	recovery_ram.pl
0a42a951f4654e5e2b3c65361617c60b17ad8e0938088409d36c8891b3f8bb07	2713	recovery_file.pl
9859ea20fc9c1ff51a84e0176f2d29a569b5ddf62f2d032a25baeee992709e2d	6227	readonly.sh
b88decbd702c4b310591ce248654d3b72ab764270e2932373049b7503f7ea1ba	6398	storage_readonly.pl
